{
    "metadata":{
        "normal":71,
        "version":3,
        "generator":"io_three",
        "type":"BufferGeometry",
        "position":71
    },
    "data":{
        "attributes":{
            "normal":{
                "array":[0.34202,-3.64886e-08,-0.939693,0.34202,-3.64886e-08,-0.939693,0.34202,-3.64886e-08,-0.939693,0.866025,-2.18421e-08,-0.5,0.866025,-2.18421e-08,-0.5,0.866025,-2.18421e-08,-0.5,0.984808,7.58568e-09,0.173648,0.984808,7.58568e-09,0.173648,0.984808,7.58568e-09,0.173648,0.642788,2.97458e-08,0.766045,0.642788,2.97458e-08,0.766045,0.642788,2.97458e-08,0.766045,-1.74272e-07,3.88304e-08,1,-1.74272e-07,3.88304e-08,1,-1.74272e-07,3.88304e-08,1,-0.642788,3.71822e-08,0.766044,-0.642788,3.71822e-08,0.766044,-0.642788,3.71822e-08,0.766044,-0.984808,7.58568e-09,0.173648,-0.984808,7.58568e-09,0.173648,-0.984808,7.58568e-09,0.173648,0,1,0,0,1,0,0,1,0,-0.34202,-3.64886e-08,-0.939693,-0.34202,-3.64886e-08,-0.939693,-0.34202,-3.64886e-08,-0.939693,-0.866025,-1.94152e-08,-0.5,-0.866025,-1.94152e-08,-0.5,-0.866025,-1.94152e-08,-0.5,0,-1,0,0,-1,0,0,-1,0,0.34202,-3.64886e-08,-0.939693,0.34202,-3.64886e-08,-0.939693,0.34202,-3.64886e-08,-0.939693,0.866025,-1.94152e-08,-0.5,0.866025,-1.94152e-08,-0.5,0.866025,-1.94152e-08,-0.5,0.984808,7.58568e-09,0.173648,0.984808,7.58568e-09,0.173648,0.984808,7.58568e-09,0.173648,0.642788,3.3464e-08,0.766045,0.642788,3.3464e-08,0.766045,0.642788,3.3464e-08,0.766045,-1.74272e-07,3.88304e-08,1,-0.642788,2.97458e-08,0.766044,-0.642788,2.97458e-08,0.766044,-0.642788,2.97458e-08,0.766044,-0.984808,8.42853e-09,0.173648,-0.984808,8.42853e-09,0.173648,-0.984808,8.42853e-09,0.173648,0,1,0,0,1,0,0,1,0,0,1,0,0,1,0,0,1,0,-0.34202,-3.64886e-08,-0.939693,-0.866025,-2.18421e-08,-0.5,-0.866025,-2.18421e-08,-0.5,-0.866025,-2.18421e-08,-0.5,-0,-1,0,0,-1,-0,0,-1,-0,0,-1,-0,0,-1,0,0,-1,0,0,-1,0,0,-1,0,0,-1,0],
                "type":"Float32Array",
                "itemSize":3
            },
            "position":{
                "array":[0,3.07,-1,0.642788,3.07,-0.766045,0.642788,-3.07,-0.766044,0.642788,3.07,-0.766045,0.984808,3.07,-0.173648,0.984808,-3.07,-0.173648,0.984808,3.07,-0.173648,0.866025,3.07,0.5,0.866025,-3.07,0.5,0.866025,3.07,0.5,0.34202,3.07,0.939693,0.34202,-3.07,0.939693,0.34202,3.07,0.939693,-0.34202,3.07,0.939692,-0.34202,-3.07,0.939693,-0.34202,3.07,0.939692,-0.866025,3.07,0.5,-0.866025,-3.07,0.5,-0.866025,3.07,0.5,-0.984808,3.07,-0.173648,-0.984808,-3.07,-0.173648,0,3.07,-1,-0.34202,3.07,0.939692,0.866025,3.07,0.5,-0.642788,3.07,-0.766044,0,3.07,-1,0,-3.07,-1,-0.984808,3.07,-0.173648,-0.642788,3.07,-0.766044,-0.642788,-3.07,-0.766044,0.642788,-3.07,-0.766044,-0.34202,-3.07,0.939693,-0.642788,-3.07,-0.766044,0,-3.07,-1,0,3.07,-1,0.642788,-3.07,-0.766044,0.642788,-3.07,-0.766044,0.642788,3.07,-0.766045,0.984808,-3.07,-0.173648,0.984808,-3.07,-0.173648,0.984808,3.07,-0.173648,0.866025,-3.07,0.5,0.866025,-3.07,0.5,0.866025,3.07,0.5,0.34202,-3.07,0.939693,0.34202,-3.07,0.939693,-0.34202,-3.07,0.939693,-0.34202,3.07,0.939692,-0.866025,-3.07,0.5,-0.866025,-3.07,0.5,-0.866025,3.07,0.5,-0.984808,-3.07,-0.173648,0.984808,3.07,-0.173648,0.642788,3.07,-0.766045,-0.642788,3.07,-0.766044,-0.984808,3.07,-0.173648,-0.866025,3.07,0.5,0.34202,3.07,0.939693,-0.642788,-3.07,-0.766044,-0.984808,-3.07,-0.173648,-0.984808,3.07,-0.173648,-0.642788,-3.07,-0.766044,0,-3.07,-1,0.642788,-3.07,-0.766044,0.984808,-3.07,-0.173648,-0.34202,-3.07,0.939693,0.866025,-3.07,0.5,0.34202,-3.07,0.939693,-0.866025,-3.07,0.5,-0.984808,-3.07,-0.173648,0.984808,-3.07,-0.173648],
                "type":"Float32Array",
                "itemSize":3
            }
        },
        "index":{
            "array":[0,1,2,3,4,5,6,7,8,9,10,11,12,13,14,15,16,17,18,19,20,21,22,23,24,25,26,27,28,29,30,31,32,33,34,35,36,37,38,39,40,41,42,43,44,45,12,14,46,47,48,49,50,51,52,53,21,21,54,55,55,56,21,22,57,23,23,52,21,21,56,22,58,24,26,59,60,61,32,62,30,63,64,65,66,67,31,31,68,69,69,32,31,70,66,31],
            "type":"Uint16Array",
            "itemSize":1
        },
        "groups":[{
            "count":96,
            "start":0,
            "materialIndex":0
        }]
    }
}